{
  "url": "https://clustrmaps.com/",
  "extractedAt": "2025-10-16T11:00:17.913Z",
  "content": {
    "favicon": [
      {
        "href": "https://clustrmaps.com/favicon.ico",
        "rel": "shortcut icon"
      }
    ],
    "title": "Clustrmaps - Free People Search Engine",
    "metaDescription": "Accurate hit counter with the most appropriate visualization",
    "content": "# Public Records Encyclopedia\n Learn all about any address, person or company in the US without leaving your couch. ClustrMaps.com makes finding information in the United States easier than ever.",
    "truncated": false,
    "fullContentLength": 195,
    "headings": [
      {
        "level": 1,
        "text": "Public Records Encyclopedia"
      }
    ],
    "links": [
      {
        "text": "Log In",
        "href": "/bl/login"
      },
      {
        "text": "Sign Up",
        "href": "/bl/signup"
      },
      {
        "text": "Stats\n                            Demo Page",
        "href": "/site/2d"
      },
      {
        "text": "Get Map Widget",
        "href": "/add"
      },
      {
        "text": "Learn More",
        "href": "/p/"
      },
      {
        "text": "Learn More",
        "href": "/d/"
      },
      {
        "text": "Audience Geo\n                                    Location Heatmap",
        "href": "#tab1"
      },
      {
        "text": "Highly Customizable",
        "href": "#tab2"
      },
      {
        "text": "Recent Visitors",
        "href": "#tab3"
      },
      {
        "text": "All The Data You Need",
        "href": "#tab4"
      },
      {
        "text": "Advances in Web-based\n                        GIS, Mapping Services and Applications",
        "href": "https://books.google.com/books?id=FMqnDwAAQBAJ"
      },
      {
        "text": "Popular Representations\n                        of Development: Insights from Novels, Films",
        "href": "https://books.google.com/books?id=wJinAgAAQBAJ"
      },
      {
        "text": "The Secret Reasons Why\n                        Teachers Are Not Using Web 2.0 Tools and What School Librarians Can Do About It",
        "href": "https://books.google.com/books?id=wLLNYbOtdukC"
      },
      {
        "text": "Multicultural Teaching in\n                        the Early Childhood Classroom",
        "href": "https://books.google.com/books?id=qPnv-bdQMkwC"
      },
      {
        "text": "AK",
        "href": "/d/AK"
      },
      {
        "text": "AL",
        "href": "/d/AL"
      },
      {
        "text": "AR",
        "href": "/d/AR"
      },
      {
        "text": "AZ",
        "href": "/d/AZ"
      },
      {
        "text": "CA",
        "href": "/d/CA"
      },
      {
        "text": "CO",
        "href": "/d/CO"
      },
      {
        "text": "CT",
        "href": "/d/CT"
      },
      {
        "text": "DC",
        "href": "/d/DC"
      },
      {
        "text": "DE",
        "href": "/d/DE"
      },
      {
        "text": "FL",
        "href": "/d/FL"
      },
      {
        "text": "GA",
        "href": "/d/GA"
      },
      {
        "text": "HI",
        "href": "/d/HI"
      },
      {
        "text": "IA",
        "href": "/d/IA"
      },
      {
        "text": "ID",
        "href": "/d/ID"
      },
      {
        "text": "IL",
        "href": "/d/IL"
      },
      {
        "text": "IN",
        "href": "/d/IN"
      },
      {
        "text": "KS",
        "href": "/d/KS"
      },
      {
        "text": "KY",
        "href": "/d/KY"
      },
      {
        "text": "LA",
        "href": "/d/LA"
      },
      {
        "text": "MA",
        "href": "/d/MA"
      },
      {
        "text": "MD",
        "href": "/d/MD"
      },
      {
        "text": "ME",
        "href": "/d/ME"
      },
      {
        "text": "MI",
        "href": "/d/MI"
      },
      {
        "text": "MN",
        "href": "/d/MN"
      },
      {
        "text": "MO",
        "href": "/d/MO"
      },
      {
        "text": "MS",
        "href": "/d/MS"
      },
      {
        "text": "MT",
        "href": "/d/MT"
      },
      {
        "text": "NC",
        "href": "/d/NC"
      },
      {
        "text": "ND",
        "href": "/d/ND"
      },
      {
        "text": "NE",
        "href": "/d/NE"
      },
      {
        "text": "NH",
        "href": "/d/NH"
      },
      {
        "text": "NJ",
        "href": "/d/NJ"
      },
      {
        "text": "NM",
        "href": "/d/NM"
      },
      {
        "text": "NV",
        "href": "/d/NV"
      },
      {
        "text": "NY",
        "href": "/d/NY"
      },
      {
        "text": "OH",
        "href": "/d/OH"
      },
      {
        "text": "OK",
        "href": "/d/OK"
      },
      {
        "text": "OR",
        "href": "/d/OR"
      },
      {
        "text": "PA",
        "href": "/d/PA"
      },
      {
        "text": "RI",
        "href": "/d/RI"
      },
      {
        "text": "SC",
        "href": "/d/SC"
      },
      {
        "text": "SD",
        "href": "/d/SD"
      },
      {
        "text": "TN",
        "href": "/d/TN"
      },
      {
        "text": "TX",
        "href": "/d/TX"
      },
      {
        "text": "UT",
        "href": "/d/UT"
      },
      {
        "text": "VA",
        "href": "/d/VA"
      },
      {
        "text": "VT",
        "href": "/d/VT"
      },
      {
        "text": "WA",
        "href": "/d/WA"
      },
      {
        "text": "WI",
        "href": "/d/WI"
      },
      {
        "text": "WV",
        "href": "/d/WV"
      },
      {
        "text": "WY",
        "href": "/d/WY"
      },
      {
        "text": "Los Angeles",
        "href": "/d/CA/Los-Angeles"
      },
      {
        "text": "Houston",
        "href": "/d/TX/Houston"
      },
      {
        "text": "Philadelphia",
        "href": "/d/PA/Philadelphia"
      },
      {
        "text": "Dallas",
        "href": "/d/TX/Dallas"
      },
      {
        "text": "Miami",
        "href": "/d/FL/Miami"
      },
      {
        "text": "Jacksonville",
        "href": "/d/FL/Jacksonville"
      },
      {
        "text": "Tucson",
        "href": "/d/AZ/Tucson"
      },
      {
        "text": "Charlotte",
        "href": "/d/NC/Charlotte"
      },
      {
        "text": "Columbus",
        "href": "/d/OH/Columbus"
      },
      {
        "text": "Brooklyn",
        "href": "/d/NY/Brooklyn"
      },
      {
        "text": "Tampa",
        "href": "/d/FL/Tampa"
      },
      {
        "text": "Baltimore",
        "href": "/d/MD/Baltimore"
      },
      {
        "text": "Austin",
        "href": "/d/TX/Austin"
      },
      {
        "text": "Chicago",
        "href": "/d/IL/Chicago"
      },
      {
        "text": "Louisville",
        "href": "/d/KY/Louisville"
      },
      {
        "text": "San Francisco",
        "href": "/d/CA/San-Francisco"
      },
      {
        "text": "Cape Coral",
        "href": "/d/FL/Cape-Coral"
      },
      {
        "text": "Las Vegas",
        "href": "/d/NV/Las-Vegas"
      },
      {
        "text": "Lehigh Acres",
        "href": "/d/FL/Lehigh-Acres"
      },
      {
        "text": "Denver",
        "href": "/d/CO/Denver"
      },
      {
        "text": "Staten Island",
        "href": "/d/NY/Staten-Island"
      },
      {
        "text": "Naples",
        "href": "/d/FL/Naples"
      },
      {
        "text": "Orlando",
        "href": "/d/FL/Orlando"
      },
      {
        "text": "Pensacola",
        "href": "/d/FL/Pensacola"
      },
      {
        "text": "Port Charlotte",
        "href": "/d/FL/Port-Charlotte"
      },
      {
        "text": "Oakland",
        "href": "/d/CA/Oakland"
      },
      {
        "text": "Minneapolis",
        "href": "/d/MN/Minneapolis"
      },
      {
        "text": "Fort Myers",
        "href": "/d/FL/Fort-Myers"
      },
      {
        "text": "Long Beach",
        "href": "/d/CA/Long-Beach"
      },
      {
        "text": "Boston",
        "href": "/d/MA/Boston"
      },
      {
        "text": "Tallahassee",
        "href": "/d/FL/Tallahassee"
      },
      {
        "text": "Saint Louis",
        "href": "/d/MO/Saint-Louis"
      },
      {
        "text": "Aurora",
        "href": "/d/CO/Aurora"
      },
      {
        "text": "New Orleans",
        "href": "/d/LA/New-Orleans"
      },
      {
        "text": "Bronx",
        "href": "/d/NY/Bronx"
      },
      {
        "text": "Phoenix",
        "href": "/d/AZ/Phoenix"
      },
      {
        "text": "Spring",
        "href": "/d/TX/Spring"
      },
      {
        "text": "Atlanta",
        "href": "/d/GA/Atlanta"
      },
      {
        "text": "San Diego",
        "href": "/d/CA/San-Diego"
      },
      {
        "text": "San Antonio",
        "href": "/d/TX/San-Antonio"
      },
      {
        "text": "Palm Bay",
        "href": "/d/FL/Palm-Bay"
      },
      {
        "text": "Queens",
        "href": "/d/NY/Queens"
      },
      {
        "text": "Fort Lauderdale",
        "href": "/d/FL/Fort-Lauderdale"
      },
      {
        "text": "Garland",
        "href": "/d/TX/Garland"
      },
      {
        "text": "Indianapolis",
        "href": "/d/IN/Indianapolis"
      },
      {
        "text": "Fremont",
        "href": "/d/CA/Fremont"
      },
      {
        "text": "Hialeah",
        "href": "/d/FL/Hialeah"
      },
      {
        "text": "Katy",
        "href": "/d/TX/Katy"
      },
      {
        "text": "Portland",
        "href": "/d/OR/Portland"
      },
      {
        "text": "Vero Beach",
        "href": "/d/FL/Vero-Beach"
      },
      {
        "text": "Melbourne",
        "href": "/d/FL/Melbourne"
      },
      {
        "text": "Cincinnati",
        "href": "/d/OH/Cincinnati"
      },
      {
        "text": "Kansas City",
        "href": "/d/MO/Kansas-City"
      },
      {
        "text": "Punta Gorda",
        "href": "/d/FL/Punta-Gorda"
      },
      {
        "text": "Gainesville",
        "href": "/d/FL/Gainesville"
      },
      {
        "text": "Humble",
        "href": "/d/TX/Humble"
      },
      {
        "text": "Sebring",
        "href": "/d/FL/Sebring"
      },
      {
        "text": "Santa Clarita",
        "href": "/d/CA/Santa-Clarita"
      },
      {
        "text": "Irving",
        "href": "/d/TX/Irving"
      },
      {
        "text": "Spring Hill",
        "href": "/d/FL/Spring-Hill"
      },
      {
        "text": "Saint Paul",
        "href": "/d/MN/Saint-Paul"
      },
      {
        "text": "Whittier",
        "href": "/d/CA/Whittier"
      },
      {
        "text": "San Jose",
        "href": "/d/CA/San-Jose"
      },
      {
        "text": "Hollywood",
        "href": "/d/FL/Hollywood"
      },
      {
        "text": "Sarasota",
        "href": "/d/FL/Sarasota"
      },
      {
        "text": "Lancaster",
        "href": "/d/CA/Lancaster"
      },
      {
        "text": "Cypress",
        "href": "/d/TX/Cypress"
      },
      {
        "text": "Palmdale",
        "href": "/d/CA/Palmdale"
      },
      {
        "text": "Pembroke Pines",
        "href": "/d/FL/Pembroke-Pines"
      },
      {
        "text": "Panama City",
        "href": "/d/FL/Panama-City"
      },
      {
        "text": "Boise",
        "href": "/d/ID/Boise"
      },
      {
        "text": "Saint Petersburg",
        "href": "/d/FL/Saint-Petersburg"
      },
      {
        "text": "Hayward",
        "href": "/d/CA/Hayward"
      },
      {
        "text": "Baton Rouge",
        "href": "/d/LA/Baton-Rouge"
      },
      {
        "text": "Homestead",
        "href": "/d/FL/Homestead"
      },
      {
        "text": "Mesquite",
        "href": "/d/TX/Mesquite"
      },
      {
        "text": "Torrance",
        "href": "/d/CA/Torrance"
      },
      {
        "text": "New York",
        "href": "/d/NY/New-York"
      },
      {
        "text": "West Palm Beach",
        "href": "/d/FL/West-Palm-Beach"
      },
      {
        "text": "Boca Raton",
        "href": "/d/FL/Boca-Raton"
      },
      {
        "text": "Lake Placid",
        "href": "/d/FL/Lake-Placid"
      },
      {
        "text": "Fort Worth",
        "href": "/d/TX/Fort-Worth"
      },
      {
        "text": "Grand Prairie",
        "href": "/d/TX/Grand-Prairie"
      },
      {
        "text": "Marietta",
        "href": "/d/GA/Marietta"
      },
      {
        "text": "Pasadena",
        "href": "/d/CA/Pasadena"
      },
      {
        "text": "Cleveland",
        "href": "/d/OH/Cleveland"
      },
      {
        "text": "Glendale",
        "href": "/d/CA/Glendale"
      },
      {
        "text": "Nashville",
        "href": "/d/TN/Nashville"
      },
      {
        "text": "Miramar",
        "href": "/d/FL/Miramar"
      },
      {
        "text": "Coral Springs",
        "href": "/d/FL/Coral-Springs"
      },
      {
        "text": "Scottsdale",
        "href": "/d/AZ/Scottsdale"
      },
      {
        "text": "Pompano Beach",
        "href": "/d/FL/Pompano-Beach"
      },
      {
        "text": "Riverview",
        "href": "/d/FL/Riverview"
      },
      {
        "text": "Seattle",
        "href": "/d/WA/Seattle"
      },
      {
        "text": "Pomona",
        "href": "/d/CA/Pomona"
      },
      {
        "text": "Pasadena",
        "href": "/d/TX/Pasadena"
      },
      {
        "text": "Bellevue",
        "href": "/d/WA/Bellevue"
      },
      {
        "text": "Sacramento",
        "href": "/d/CA/Sacramento"
      },
      {
        "text": "Kissimmee",
        "href": "/d/FL/Kissimmee"
      },
      {
        "text": "Memphis",
        "href": "/d/TN/Memphis"
      },
      {
        "text": "Richmond",
        "href": "/d/VA/Richmond"
      },
      {
        "text": "Berkeley",
        "href": "/d/CA/Berkeley"
      },
      {
        "text": "San Leandro",
        "href": "/d/CA/San-Leandro"
      },
      {
        "text": "Livermore",
        "href": "/d/CA/Livermore"
      },
      {
        "text": "Bradenton",
        "href": "/d/FL/Bradenton"
      },
      {
        "text": "Burbank",
        "href": "/d/CA/Burbank"
      },
      {
        "text": "Orange Park",
        "href": "/d/FL/Orange-Park"
      },
      {
        "text": "Clermont",
        "href": "/d/FL/Clermont"
      },
      {
        "text": "Bonita Springs",
        "href": "/d/FL/Bonita-Springs"
      },
      {
        "text": "El Paso",
        "href": "/d/TX/El-Paso"
      },
      {
        "text": "Lakeland",
        "href": "/d/FL/Lakeland"
      },
      {
        "text": "Toms River",
        "href": "/d/NJ/Toms-River"
      },
      {
        "text": "Tacoma",
        "href": "/d/WA/Tacoma"
      },
      {
        "text": "West Covina",
        "href": "/d/CA/West-Covina"
      },
      {
        "text": "Mesa",
        "href": "/d/AZ/Mesa"
      },
      {
        "text": "Silver Spring",
        "href": "/d/MD/Silver-Spring"
      },
      {
        "text": "Cocoa",
        "href": "/d/FL/Cocoa"
      },
      {
        "text": "Compton",
        "href": "/d/CA/Compton"
      },
      {
        "text": "Plantation",
        "href": "/d/FL/Plantation"
      },
      {
        "text": "Richardson",
        "href": "/d/TX/Richardson"
      },
      {
        "text": "Houston",
        "href": "/d/TX/Houston"
      },
      {
        "text": "San Antonio",
        "href": "/d/TX/San-Antonio"
      },
      {
        "text": "Dallas",
        "href": "/d/TX/Dallas"
      },
      {
        "text": "Austin",
        "href": "/d/TX/Austin"
      },
      {
        "text": "New York",
        "href": "/d/NY/New-York"
      },
      {
        "text": "Los Angeles",
        "href": "/d/CA/Los-Angeles"
      },
      {
        "text": "San Diego",
        "href": "/d/CA/San-Diego"
      },
      {
        "text": "San Jose",
        "href": "/d/CA/San-Jose"
      },
      {
        "text": "San Francisco",
        "href": "/d/CA/San-Francisco"
      },
      {
        "text": "Chicago",
        "href": "/d/IL/Chicago"
      },
      {
        "text": "Miami",
        "href": "/d/FL/Miami"
      },
      {
        "text": "Jacksonville",
        "href": "/d/FL/Jacksonville"
      },
      {
        "text": "Orlando",
        "href": "/d/FL/Orlando"
      },
      {
        "text": "Tampa",
        "href": "/d/FL/Tampa"
      },
      {
        "text": "Naples",
        "href": "/d/FL/Naples"
      },
      {
        "text": "Detroit",
        "href": "/d/MI/Detroit"
      },
      {
        "text": "Philadelphia",
        "href": "/d/PA/Philadelphia"
      },
      {
        "text": "Pittsburgh",
        "href": "/d/PA/Pittsburgh"
      },
      {
        "text": "Cincinnati",
        "href": "/d/OH/Cincinnati"
      },
      {
        "text": "Charlotte",
        "href": "/d/NC/Charlotte"
      },
      {
        "text": "Raleigh",
        "href": "/d/NC/Raleigh"
      },
      {
        "text": "Las Vegas",
        "href": "/d/NV/Las-Vegas"
      },
      {
        "text": "Denver",
        "href": "/d/CO/Denver"
      },
      {
        "text": "Colorado Springs",
        "href": "/d/CO/Colorado-Springs"
      },
      {
        "text": "Phoenix",
        "href": "/d/AZ/Phoenix"
      },
      {
        "text": "Tucson",
        "href": "/d/AZ/Tucson"
      },
      {
        "text": "Indianapolis",
        "href": "/d/IN/Indianapolis"
      },
      {
        "text": "Minneapolis",
        "href": "/d/MN/Minneapolis"
      },
      {
        "text": "Atlanta",
        "href": "/d/GA/Atlanta"
      },
      {
        "text": "Washington",
        "href": "/d/DC/Washington"
      },
      {
        "text": "Seattle",
        "href": "/d/WA/Seattle"
      },
      {
        "text": "Memphis",
        "href": "/d/TN/Memphis"
      },
      {
        "text": "Nashville",
        "href": "/d/TN/Nashville"
      },
      {
        "text": "Albuquerque",
        "href": "/d/NM/Albuquerque"
      },
      {
        "text": "Santa Fe",
        "href": "/d/NM/Santa-Fe"
      },
      {
        "text": "Oklahoma City",
        "href": "/d/OK/Oklahoma-City"
      },
      {
        "text": "Tulsa",
        "href": "/d/OK/Tulsa"
      },
      {
        "text": "Boston",
        "href": "/d/MA/Boston"
      },
      {
        "text": "Birmingham",
        "href": "/d/AL/Birmingham"
      },
      {
        "text": "Baton Rouge",
        "href": "/d/LA/Baton-Rouge"
      },
      {
        "text": "New Orleans",
        "href": "/d/LA/New-Orleans"
      },
      {
        "text": "Richmond",
        "href": "/d/VA/Richmond"
      },
      {
        "text": "Omaha",
        "href": "/d/NE/Omaha"
      },
      {
        "text": "Portland",
        "href": "/d/OR/Portland"
      },
      {
        "text": "Eugene",
        "href": "/d/OR/Eugene"
      },
      {
        "text": "Kansas City",
        "href": "/d/MO/Kansas-City"
      },
      {
        "text": "Wichita",
        "href": "/d/KS/Wichita"
      },
      {
        "text": "Honolulu",
        "href": "/d/HI/Honolulu"
      },
      {
        "text": "Milwaukee",
        "href": "/d/WI/Milwaukee"
      },
      {
        "text": "Little Rock",
        "href": "/d/AR/Little-Rock"
      },
      {
        "text": "Columbia",
        "href": "/d/SC/Columbia"
      },
      {
        "text": "Boise",
        "href": "/d/ID/Boise"
      },
      {
        "text": "Salt Lake City",
        "href": "/d/UT/Salt-Lake-City"
      },
      {
        "text": "Ogden",
        "href": "/d/UT/Ogden"
      },
      {
        "text": "Anchorage",
        "href": "/d/AK/Anchorage"
      },
      {
        "text": "Jackson",
        "href": "/d/MS/Jackson"
      },
      {
        "text": "Billings",
        "href": "/d/MT/Billings"
      },
      {
        "text": "Missoula",
        "href": "/d/MT/Missoula"
      },
      {
        "text": "Fargo",
        "href": "/d/ND/Fargo"
      },
      {
        "text": "Rapid City",
        "href": "/d/SD/Rapid-City"
      },
      {
        "text": "Cheyenne",
        "href": "/d/WY/Cheyenne"
      },
      {
        "text": "A",
        "href": "/ps/a"
      },
      {
        "text": "B",
        "href": "/ps/b"
      },
      {
        "text": "C",
        "href": "/ps/c"
      },
      {
        "text": "D",
        "href": "/ps/d"
      },
      {
        "text": "E",
        "href": "/ps/e"
      },
      {
        "text": "F",
        "href": "/ps/f"
      },
      {
        "text": "G",
        "href": "/ps/g"
      },
      {
        "text": "H",
        "href": "/ps/h"
      },
      {
        "text": "I",
        "href": "/ps/i"
      },
      {
        "text": "J",
        "href": "/ps/j"
      },
      {
        "text": "K",
        "href": "/ps/k"
      },
      {
        "text": "L",
        "href": "/ps/l"
      },
      {
        "text": "M",
        "href": "/ps/m"
      },
      {
        "text": "N",
        "href": "/ps/n"
      },
      {
        "text": "O",
        "href": "/ps/o"
      },
      {
        "text": "P",
        "href": "/ps/p"
      },
      {
        "text": "Q",
        "href": "/ps/q"
      },
      {
        "text": "R",
        "href": "/ps/r"
      },
      {
        "text": "S",
        "href": "/ps/s"
      },
      {
        "text": "T",
        "href": "/ps/t"
      },
      {
        "text": "U",
        "href": "/ps/u"
      },
      {
        "text": "V",
        "href": "/ps/v"
      },
      {
        "text": "W",
        "href": "/ps/w"
      },
      {
        "text": "X",
        "href": "/ps/x"
      },
      {
        "text": "Y",
        "href": "/ps/y"
      },
      {
        "text": "Z",
        "href": "/ps/z"
      },
      {
        "text": "Austin",
        "href": "/d/TX/Austin"
      },
      {
        "text": "Buffalo",
        "href": "/d/NY/Buffalo"
      },
      {
        "text": "Cincinnati",
        "href": "/d/OH/Cincinnati"
      },
      {
        "text": "Silver Spring",
        "href": "/d/MD/Silver-Spring"
      },
      {
        "text": "Bethesda",
        "href": "/d/MD/Bethesda"
      },
      {
        "text": "Silver Spring",
        "href": "/d/MD/Silver-Spring"
      },
      {
        "text": "Brooklyn",
        "href": "/d/NY/Brooklyn"
      },
      {
        "text": "Chattanooga",
        "href": "/d/TN/Chattanooga"
      },
      {
        "text": "Glenarden",
        "href": "/d/MD/Glenarden"
      },
      {
        "text": "New Orleans",
        "href": "/d/LA/New-Orleans"
      },
      {
        "text": "Mesa",
        "href": "/d/AZ/Mesa"
      },
      {
        "text": "College Station",
        "href": "/d/TX/College-Station"
      },
      {
        "text": "Cohasset",
        "href": "/d/MA/Cohasset"
      },
      {
        "text": "FCRA",
        "href": "https://www.ftc.gov/legal-library/browse/statutes/fair-credit-reporting-act"
      },
      {
        "text": "About",
        "href": "/bl/about"
      },
      {
        "text": "Do Not Sell My Personal Information",
        "href": "/bl/opt-out"
      },
      {
        "text": "Contacts",
        "href": "/bl/contacts"
      },
      {
        "text": "Careers",
        "href": "/bl/careers"
      },
      {
        "text": "FAQ",
        "href": "/bl/faq"
      },
      {
        "text": "USA",
        "href": "/d/"
      },
      {
        "text": "ZIP Codes",
        "href": "/zip/"
      },
      {
        "text": "Term of Service",
        "href": "/bl/tos"
      },
      {
        "text": "Privacy Policy",
        "href": "/bl/policy"
      },
      {
        "text": "Create Widget",
        "href": "/add"
      },
      {
        "text": "Search Persons",
        "href": "/search"
      },
      {
        "text": "Top Searches",
        "href": "/ms/"
      },
      {
        "text": "boys",
        "href": "/popular-boy-names"
      },
      {
        "text": "girls",
        "href": "/popular-girl-names"
      },
      {
        "text": "girls",
        "href": "/girl-names-alphabetical"
      },
      {
        "text": "boys",
        "href": "/boy-names-alphabetical"
      },
      {
        "text": "Facebook",
        "href": "https://www.facebook.com/clustrmaps"
      },
      {
        "text": "Follow\n                    @ClustrMaps",
        "href": "https://twitter.com/ClustrMaps"
      }
    ],
    "images": [
      {
        "alt": "ClustrMaps.com Logo",
        "src": "/assets/images/common/logo.svg"
      },
      {
        "alt": "Map Widget",
        "src": "assets/images/products/4_1.svg"
      },
      {
        "alt": "Globe Widget",
        "src": "assets/images/products/4_2.png"
      },
      {
        "alt": "People Search",
        "src": "assets/images/products/1.svg"
      },
      {
        "alt": "Address",
        "src": "assets/images/products/3.svg"
      },
      {
        "alt": "Map Widget",
        "src": "assets/images/map-widget/bg.svg"
      },
      {
        "alt": "Audience Geo Location Heatmap",
        "src": "/assets/images/common/geo.png"
      },
      {
        "alt": "Highly Customizable",
        "src": "assets/images/common/custom.jpg"
      },
      {
        "alt": "Recent Visitors",
        "src": "assets/images/common/recent.jpg"
      },
      {
        "alt": "All The Data You Need",
        "src": "assets/images/common/group.jpg"
      },
      {
        "alt": "The University of California San Diego",
        "src": "/assets/images/partners/usdieego.png"
      },
      {
        "alt": "The Stanford University",
        "src": "/assets/images/partners/stanford.png"
      },
      {
        "alt": "The University of North Carolina at Chapel Hill",
        "src": "/assets/images/partners/nc.edu.png"
      },
      {
        "alt": "A Public Research University Serving Pennsylvania and the Global Community",
        "src": "/assets/images/partners/pennstate.png"
      },
      {
        "alt": "National Wildfire Suppression Association (NWSA)",
        "src": "assets/images/partners/nwsa.png"
      },
      {
        "alt": "University of Miami",
        "src": "assets/images/partners/miami.png"
      },
      {
        "alt": "",
        "src": "assets/images/reasons/map.png"
      },
      {
        "alt": "",
        "src": "assets/images/reasons/1.svg"
      },
      {
        "alt": "",
        "src": "assets/images/reasons/2.svg"
      },
      {
        "alt": "",
        "src": "assets/images/reasons/3.svg"
      },
      {
        "alt": "",
        "src": "assets/images/reasons/4.svg"
      },
      {
        "alt": "Advances in Web-based GIS, Mapping Services and Applications",
        "src": "/assets/images/partners/adv.jpg"
      },
      {
        "alt": "Popular Representations of Development: Insights from Novels, Films",
        "src": "/assets/images/partners/prd.jpg"
      },
      {
        "alt": "The Secret Reasons Why Teachers Are Not Using Web 2.0 Tools and What School...",
        "src": "/assets/images/partners/sr.jpg"
      },
      {
        "alt": "Multicultural Teaching in the Early Childhood Classroom",
        "src": "/assets/images/partners/mtec.jpg"
      },
      {
        "alt": "Clustmaps.com Logo",
        "src": "/assets/gl.svg"
      },
      {
        "alt": "",
        "src": "//clustrmaps.com/map_v2.png?d=eA5xcTFMwdBZ7-AsdnfGEKEHVU1pLQFIPvzHIKAl1rA&cl=ffffff"
      }
    ],
    "timestamp": 1760612417078,
    "url": "https://clustrmaps.com/?automation=true?automation=true&wait-for-init-args=true"
  }
}